{
    "metrics": {
        "http_req_duration": {
            "avg": 182.7786458888895,
            "min": 95.7579,
            "med": 127.2638,
            "max": 815.8686,
            "p(90)": 354.24005999999997,
            "p(95)": 482.1871399999996,
            "thresholds": {
                "p(95)<800": false
            }
        },
        "http_req_connecting": {
            "avg": 5.514469814814815,
            "min": 0,
            "med": 0,
            "max": 203.9576,
            "p(90)": 0,
            "p(95)": 0
        },
        "iterations": {
            "count": 900,
            "rate": 27.196866065234566
        },
        "http_req_receiving": {
            "p(90)": 1.80406,
            "p(95)": 2.6653599999999975,
            "avg": 0.7845349629629634,
            "min": 0,
            "med": 0.3611,
            "max": 27.6368
        },
        "http_req_duration{expected_response:true}": {
            "med": 127.2638,
            "max": 815.8686,
            "p(90)": 354.24005999999997,
            "p(95)": 482.1871399999996,
            "avg": 182.7786458888895,
            "min": 95.7579
        },
        "http_req_blocked": {
            "avg": 12.43723622222222,
            "min": 0,
            "med": 0,
            "max": 452.6392,
            "p(90)": 0,
            "p(95)": 0
        },
        "http_req_sending": {
            "avg": 0.09266544444444447,
            "min": 0,
            "med": 0,
            "max": 1.2856,
            "p(90)": 0.50901,
            "p(95)": 0.5742349999999998
        },
        "data_sent": {
            "rate": 4895.435891742222,
            "count": 162000
        },
        "http_reqs": {
            "rate": 81.5905981957037,
            "count": 2700
        },
        "vus_max": {
            "value": 100,
            "min": 100,
            "max": 100
        },
        "vus": {
            "value": 5,
            "min": 5,
            "max": 100
        },
        "data_received": {
            "count": 1973164,
            "rate": 59626.53003638055
        },
        "http_req_failed": {
            "passes": 0,
            "fails": 2700,
            "thresholds": {
                "rate<0.02": false
            },
            "value": 0
        },
        "http_req_waiting": {
            "p(95)": 482.1871399999996,
            "avg": 181.901445481482,
            "min": 94.7177,
            "med": 126.23865,
            "max": 814.5483,
            "p(90)": 352.93557
        },
        "iteration_duration": {
            "avg": 3588.0602714444435,
            "min": 3294.366,
            "med": 3490.83715,
            "max": 5160.2559,
            "p(90)": 3868.80404,
            "p(95)": 4551.960859999999
        },
        "http_req_tls_handshaking": {
            "avg": 6.785349148148148,
            "min": 0,
            "med": 0,
            "max": 277.2136,
            "p(90)": 0,
            "p(95)": 0
        }
    },
    "root_group": {
        "name": "",
        "path": "",
        "id": "d41d8cd98f00b204e9800998ecf8427e",
        "groups": {},
        "checks": {}
    }
}